INSERT INTO jc_street (street_code, street_name) VALUES
(1, 'Сампсоньевский проспект'),
(2, 'Садовая улица'),
(3, 'Невский проспект'),
(4, 'Улица Стахановцев'),
(5, 'Гороховая улица'),
(6, 'Проспект Ветеранов');

INSERT INTO jc_university (university_id, university_name) VALUES
(1, 'Санкт-Петербургский Государственный Университет'),
(2, 'Санкт-Петербургский Политехнический Университет'),
(3, 'Санкт-Петербургский Морской Технический Университет');

INSERT INTO jc_country_struct (area_id, area_name) VALUES
('010000000000', 'Город'),
('010010000000', 'Город Район 1'),
('010020000000', 'Город Район 2'),
('010030000000', 'Город Район 3'),
('010040000000', 'Город Район 4'),

('020000000000', 'Край'),
('020010000000', 'Край Область 1'),
('020010010000', 'Край Область 1 Район 1'),
('020010010001', 'Край Область 1 Район 1 Поселение 1'),
('020010010002', 'Край Область 1 Район 1 Поселение 2'),
('020010020000', 'Край Область 1 Район 2'),
('020010020001', 'Край Область 1 Район 2 Поселение 1'),
('020010020002', 'Край Область 1 Район 2 Поселение 2'),
('020010020003', 'Край Область 1 Район 2 Поселение 3'),
('020020000000', 'Край Область 2'),
('020020010000', 'Край Область 2 Район 1'),
('020020010001', 'Край Область 2 Район 1 Поселение 1'),
('020020010002', 'Край Область 2 Район 1 Поселение 2'),
('020020010003', 'Край Область 2 Район 1 Поселение 2'),
('020020020000', 'Край Область 2 Район 2'),
('020020020001', 'Край Область 2 Район 2 Поселение 1'),
('020020020002', 'Край Область 2 Район 2 Поселение 2');

INSERT INTO jc_passport_office (p_office_id, p_office_area_id, p_office_name) VALUES
(1, '010010000000', 'Город 1 Район 1 Паспортный стол'),
(2, '010020000000', 'Город 2 Район 1 Паспортный стол'),
(3, '010020000000', 'Город 2 Район 2 Паспортный стол'),
(4, '010010000000', 'Город 1 Район 3 Паспортный стол'),
(5, '020010010001', 'Область 1 Поселение 1 Паспортный стол'),
(6, '020010020002', 'Область 1 Поселение 2 Паспортный стол'),
(7, '020020010000', 'Область 2 Поселение 1 Паспортный стол'),
(8, '020020020000', 'Область 2 Поселение 2 Паспортный стол');

INSERT INTO jc_register_office (r_office_id, r_office_area_id, r_office_name) VALUES
(1, '010010000000', 'Город 1 Район 1 ЗАГС'),
(2, '010010000000', 'Город 1 Район 2 ЗАГС'),
(3, '010020000000', 'Город 2 ЗАГС'),
(4, '020010010001', 'Область 1 Поселение 1 ЗАГС'),
(5, '020010020002', 'Область 1 Поселение 2 ЗАГС'),
(6, '020020010000', 'Область 2 Поселение 1 ЗАГС'),
(7, '020020020000', 'Область 2 Поселение 2 ЗАГС');